"DESCRIPTION_ID","DATE_CREATED","DATE_MODIFIED","UPDT_ID","DESCRIPTION","NAME","TITLE","LANGUAGE_ID","ZONE_ID"
"200","2017-12-14 18:58:28","2017-12-14 18:58:28","NULL","NULL","Guipuzcoa","NULL","1","1"
"201","2017-12-14 18:58:28","2017-12-14 18:58:28","NULL","NULL","Guipuzcoa","NULL","2","1"
"202","2017-12-14 18:58:28","2017-12-14 18:58:28","NULL","NULL","Hawaii","NULL","1","2"
"203","2017-12-14 18:58:28","2017-12-14 18:58:28","NULL","NULL","Hawaii","NULL","2","2"
"204","2017-12-14 18:58:28","2017-12-14 18:58:28","NULL","NULL","Puerto Rico","NULL","1","3"
"205","2017-12-14 18:58:28","2017-12-14 18:58:28","NULL","NULL","Puerto Rico","NULL","2","3"
"206","2017-12-14 18:58:28","2017-12-14 18:58:28","NULL","NULL","Zamora","NULL","1","4"
"207","2017-12-14 18:58:28","2017-12-14 18:58:28","NULL","NULL","Zamora","NULL","2","4"
"208","2017-12-14 18:58:28","2017-12-14 18:58:28","NULL","NULL","Vizcaya","NULL","1","5"
"209","2017-12-14 18:58:28","2017-12-14 18:58:28","NULL","NULL","Vizcaya","NULL","2","5"
"210","2017-12-14 18:58:28","2017-12-14 18:58:28","NULL","NULL","Albacete","NULL","1","6"
"211","2017-12-14 18:58:28","2017-12-14 18:58:28","NULL","NULL","Albacete","NULL","2","6"
"212","2017-12-14 18:58:28","2017-12-14 18:58:28","NULL","NULL","Lleida","NULL","1","7"
"213","2017-12-14 18:58:28","2017-12-14 18:58:28","NULL","NULL","Lleida","NULL","2","7"
"214","2017-12-14 18:58:28","2017-12-14 18:58:28","NULL","NULL","Quebec","NULL","1","8"
"215","2017-12-14 18:58:28","2017-12-14 18:58:28","NULL","NULL","Québec","NULL","2","8"
"216","2017-12-14 18:58:28","2017-12-14 18:58:28","NULL","NULL","Nordrhein-Westfalen","NULL","1","9"
"217","2017-12-14 18:58:28","2017-12-14 18:58:28","NULL","NULL","Nordrhein-Westfalen","NULL","2","9"
"218","2017-12-14 18:58:28","2017-12-14 18:58:28","NULL","NULL","Iowa","NULL","1","10"
"219","2017-12-14 18:58:28","2017-12-14 18:58:28","NULL","NULL","Iowa","NULL","2","10"
"220","2017-12-14 18:58:28","2017-12-14 18:58:28","NULL","NULL","Idaho","NULL","1","11"
"221","2017-12-14 18:58:28","2017-12-14 18:58:28","NULL","NULL","Idaho","NULL","2","11"
"222","2017-12-14 18:58:28","2017-12-14 18:58:28","NULL","NULL","Yukon Territory","NULL","1","12"
"223","2017-12-14 18:58:28","2017-12-14 18:58:28","NULL","NULL","Yukon","NULL","2","12"
"224","2017-12-14 18:58:28","2017-12-14 18:58:28","NULL","NULL","Leon","NULL","1","13"
"225","2017-12-14 18:58:28","2017-12-14 18:58:28","NULL","NULL","Leon","NULL","2","13"
"226","2017-12-14 18:58:28","2017-12-14 18:58:28","NULL","NULL","A Corua","NULL","1","14"
"227","2017-12-14 18:58:28","2017-12-14 18:58:28","NULL","NULL","Castellon","NULL","1","15"
"228","2017-12-14 18:58:28","2017-12-14 18:58:28","NULL","NULL","Castellon","NULL","2","15"
"229","2017-12-14 18:58:28","2017-12-14 18:58:28","NULL","NULL","Las Palmas","NULL","1","16"
"230","2017-12-14 18:58:28","2017-12-14 18:58:28","NULL","NULL","Las Palmas","NULL","2","16"
"231","2017-12-14 18:58:28","2017-12-14 18:58:28","NULL","NULL","Pontevedra","NULL","1","17"
"232","2017-12-14 18:58:28","2017-12-14 18:58:28","NULL","NULL","Pontevedra","NULL","2","17"
"233","2017-12-14 18:58:28","2017-12-14 18:58:28","NULL","NULL","Armed Forces Americas","NULL","1","18"
"234","2017-12-14 18:58:28","2017-12-14 18:58:28","NULL","NULL","Armed Forces Americas","NULL","2","18"
"235","2017-12-14 18:58:28","2017-12-14 18:58:28","NULL","NULL","Teruel","NULL","1","19"
"236","2017-12-14 18:58:28","2017-12-14 18:58:28","NULL","NULL","Teruel","NULL","2","19"
"237","2017-12-14 18:58:29","2017-12-14 18:58:29","NULL","NULL","Alberta","NULL","1","20"
"238","2017-12-14 18:58:29","2017-12-14 18:58:29","NULL","NULL","Alberta","NULL","2","20"
"239","2017-12-14 18:58:29","2017-12-14 18:58:29","NULL","NULL","Armed Forces Canada","NULL","1","21"
"240","2017-12-14 18:58:29","2017-12-14 18:58:29","NULL","NULL","Armed Forces Canada","NULL","2","21"
"241","2017-12-14 18:58:29","2017-12-14 18:58:29","NULL","NULL","Illinois","NULL","1","22"
"242","2017-12-14 18:58:29","2017-12-14 18:58:29","NULL","NULL","Illinois","NULL","2","22"
"243","2017-12-14 18:58:29","2017-12-14 18:58:29","NULL","NULL","Armed Forces Europe","NULL","1","23"
"244","2017-12-14 18:58:29","2017-12-14 18:58:29","NULL","NULL","Armed Forces Europe","NULL","2","23"
"245","2017-12-14 18:58:29","2017-12-14 18:58:29","NULL","NULL","Armed Forces Africa","NULL","1","24"
"246","2017-12-14 18:58:29","2017-12-14 18:58:29","NULL","NULL","Armed Forces Africa","NULL","2","24"
"247","2017-12-14 18:58:29","2017-12-14 18:58:29","NULL","NULL","Indiana","NULL","1","25"
"248","2017-12-14 18:58:29","2017-12-14 18:58:29","NULL","NULL","Indiana","NULL","2","25"
"249","2017-12-14 18:58:29","2017-12-14 18:58:29","NULL","NULL","Aargau","NULL","1","26"
"250","2017-12-14 18:58:29","2017-12-14 18:58:29","NULL","NULL","Aargau","NULL","2","26"
"251","2017-12-14 18:58:29","2017-12-14 18:58:29","NULL","NULL","A Corua","NULL","2","27"
"252","2017-12-14 18:58:29","2017-12-14 18:58:29","NULL","NULL","Appenzell Innerrhoden","NULL","1","28"
"253","2017-12-14 18:58:29","2017-12-14 18:58:29","NULL","NULL","Appenzell Innerrhoden","NULL","2","28"
"254","2017-12-14 18:58:29","2017-12-14 18:58:29","NULL","NULL","Alaska","NULL","1","29"
"255","2017-12-14 18:58:29","2017-12-14 18:58:29","NULL","NULL","Alaska","NULL","2","29"
"256","2017-12-14 18:58:29","2017-12-14 18:58:29","NULL","NULL","Caceres","NULL","1","30"
"257","2017-12-14 18:58:29","2017-12-14 18:58:29","NULL","NULL","Caceres","NULL","2","30"
"258","2017-12-14 18:58:29","2017-12-14 18:58:29","NULL","NULL","Segovia","NULL","1","31"
"259","2017-12-14 18:58:29","2017-12-14 18:58:29","NULL","NULL","Segovia","NULL","2","31"
"260","2017-12-14 18:58:29","2017-12-14 18:58:29","NULL","NULL","Alabama","NULL","1","32"
"261","2017-12-14 18:58:29","2017-12-14 18:58:29","NULL","NULL","Alabama","NULL","2","32"
"262","2017-12-14 18:58:29","2017-12-14 18:58:29","NULL","NULL","Armed Forces Middle East","NULL","1","33"
"263","2017-12-14 18:58:29","2017-12-14 18:58:29","NULL","NULL","Armed Forces Middle East","NULL","2","33"
"264","2017-12-14 18:58:29","2017-12-14 18:58:29","NULL","NULL","Zug","NULL","1","34"
"265","2017-12-14 18:58:29","2017-12-14 18:58:29","NULL","NULL","Zug","NULL","2","34"
"266","2017-12-14 18:58:29","2017-12-14 18:58:29","NULL","NULL","Malaga","NULL","1","35"
"267","2017-12-14 18:58:29","2017-12-14 18:58:29","NULL","NULL","Malaga","NULL","2","35"
"268","2017-12-14 18:58:29","2017-12-14 18:58:29","NULL","NULL","Zrich","NULL","1","36"
"269","2017-12-14 18:58:29","2017-12-14 18:58:29","NULL","NULL","Zrich","NULL","2","36"
"270","2017-12-14 18:58:29","2017-12-14 18:58:29","NULL","NULL","La Rioja","NULL","1","37"
"271","2017-12-14 18:58:29","2017-12-14 18:58:29","NULL","NULL","La Rioja","NULL","2","37"
"272","2017-12-14 18:58:29","2017-12-14 18:58:29","NULL","NULL","Armed Forces Pacific","NULL","1","38"
"273","2017-12-14 18:58:29","2017-12-14 18:58:29","NULL","NULL","Armed Forces Pacific","NULL","2","38"
"274","2017-12-14 18:58:29","2017-12-14 18:58:29","NULL","NULL","Melilla","NULL","1","39"
"275","2017-12-14 18:58:29","2017-12-14 18:58:29","NULL","NULL","Melilla","NULL","2","39"
"276","2017-12-14 18:58:29","2017-12-14 18:58:29","NULL","NULL","Arkansas","NULL","1","40"
"277","2017-12-14 18:58:29","2017-12-14 18:58:29","NULL","NULL","Arkansas","NULL","2","40"
"278","2017-12-14 18:58:29","2017-12-14 18:58:29","NULL","NULL","American Samoa","NULL","1","41"
"279","2017-12-14 18:58:29","2017-12-14 18:58:29","NULL","NULL","American Samoa","NULL","2","41"
"280","2017-12-14 18:58:29","2017-12-14 18:58:29","NULL","NULL","New South Wales","NULL","1","42"
"281","2017-12-14 18:58:29","2017-12-14 18:58:29","NULL","NULL","Nouvelle-Galles du Sud","NULL","2","42"
"282","2017-12-14 18:58:29","2017-12-14 18:58:29","NULL","NULL","Madrid","NULL","1","43"
"283","2017-12-14 18:58:29","2017-12-14 18:58:29","NULL","NULL","Madrid","NULL","2","43"
"284","2017-12-14 18:58:29","2017-12-14 18:58:29","NULL","NULL","Rhode Island","NULL","1","44"
"285","2017-12-14 18:58:29","2017-12-14 18:58:29","NULL","NULL","Rhode Island","NULL","2","44"
"286","2017-12-14 18:58:29","2017-12-14 18:58:29","NULL","NULL","Arizona","NULL","1","45"
"287","2017-12-14 18:58:29","2017-12-14 18:58:29","NULL","NULL","Arizona","NULL","2","45"
"288","2017-12-14 18:58:29","2017-12-14 18:58:29","NULL","NULL","Ceuta","NULL","1","46"
"289","2017-12-14 18:58:29","2017-12-14 18:58:29","NULL","NULL","Ceuta","NULL","2","46"
"290","2017-12-14 18:58:29","2017-12-14 18:58:29","NULL","NULL","British Columbia","NULL","1","47"
"291","2017-12-14 18:58:29","2017-12-14 18:58:29","NULL","NULL","Columbie Britanique","NULL","2","47"
"292","2017-12-14 18:58:29","2017-12-14 18:58:29","NULL","NULL","Huelva","NULL","1","48"
"293","2017-12-14 18:58:29","2017-12-14 18:58:29","NULL","NULL","Huelva","NULL","2","48"
"294","2017-12-14 18:58:29","2017-12-14 18:58:29","NULL","NULL","Bern","NULL","1","49"
"295","2017-12-14 18:58:29","2017-12-14 18:58:29","NULL","NULL","Bern","NULL","2","49"
"296","2017-12-14 18:58:29","2017-12-14 18:58:29","NULL","NULL","Huesca","NULL","1","50"
"297","2017-12-14 18:58:29","2017-12-14 18:58:29","NULL","NULL","Huesca","NULL","2","50"
"298","2017-12-14 18:58:29","2017-12-14 18:58:29","NULL","NULL","Appenzell Ausserrhoden","NULL","1","51"
"299","2017-12-14 18:58:29","2017-12-14 18:58:29","NULL","NULL","Appenzell Ausserrhoden","NULL","2","51"
"300","2017-12-14 18:58:29","2017-12-14 18:58:29","NULL","NULL","Basel-Landschaft","NULL","1","52"
"301","2017-12-14 18:58:29","2017-12-14 18:58:29","NULL","NULL","Basel-Landschaft","NULL","2","52"
"302","2017-12-14 18:58:29","2017-12-14 18:58:29","NULL","NULL","Jura","NULL","1","53"
"303","2017-12-14 18:58:29","2017-12-14 18:58:29","NULL","NULL","Jura","NULL","2","53"
"304","2017-12-14 18:58:29","2017-12-14 18:58:29","NULL","NULL","Asturias","NULL","1","54"
"305","2017-12-14 18:58:29","2017-12-14 18:58:29","NULL","NULL","Asturias","NULL","2","54"
"306","2017-12-14 18:58:29","2017-12-14 18:58:29","NULL","NULL","South Australia","NULL","1","55"
"307","2017-12-14 18:58:29","2017-12-14 18:58:29","NULL","NULL","Australie-Mridionale","NULL","2","55"
"308","2017-12-14 18:58:29","2017-12-14 18:58:29","NULL","NULL","Salzburg","NULL","1","56"
"309","2017-12-14 18:58:29","2017-12-14 18:58:29","NULL","NULL","Salzburg","NULL","2","56"
"310","2017-12-14 18:58:29","2017-12-14 18:58:29","NULL","NULL","Tirol","NULL","1","57"
"311","2017-12-14 18:58:29","2017-12-14 18:58:29","NULL","NULL","Tirol","NULL","2","57"
"312","2017-12-14 18:58:29","2017-12-14 18:58:29","NULL","NULL","South Carolina","NULL","1","58"
"313","2017-12-14 18:58:29","2017-12-14 18:58:29","NULL","NULL","Caroline du Sud","NULL","2","58"
"314","2017-12-14 18:58:29","2017-12-14 18:58:29","NULL","NULL","Thringen","NULL","1","59"
"315","2017-12-14 18:58:29","2017-12-14 18:58:29","NULL","NULL","Thringen","NULL","2","59"
"316","2017-12-14 18:58:29","2017-12-14 18:58:29","NULL","NULL","South Dakota","NULL","1","60"
"317","2017-12-14 18:58:29","2017-12-14 18:58:29","NULL","NULL","Dakota du Sud","NULL","2","60"
"318","2017-12-14 18:58:29","2017-12-14 18:58:29","NULL","NULL","Basel-Stadt","NULL","1","61"
"319","2017-12-14 18:58:29","2017-12-14 18:58:29","NULL","NULL","Basel-Stadt","NULL","2","61"
"320","2017-12-14 18:58:29","2017-12-14 18:58:29","NULL","NULL","Cordoba","NULL","1","62"
"321","2017-12-14 18:58:29","2017-12-14 18:58:29","NULL","NULL","Cordoba","NULL","2","62"
"322","2017-12-14 18:58:29","2017-12-14 18:58:29","NULL","NULL","Tarragona","NULL","1","63"
"323","2017-12-14 18:58:29","2017-12-14 18:58:29","NULL","NULL","Tarragona","NULL","2","63"
"324","2017-12-14 18:58:29","2017-12-14 18:58:29","NULL","NULL","Valladolid","NULL","1","64"
"325","2017-12-14 18:58:29","2017-12-14 18:58:29","NULL","NULL","Valladolid","NULL","2","64"
"326","2017-12-14 18:58:29","2017-12-14 18:58:29","NULL","NULL","St. Gallen","NULL","1","65"
"327","2017-12-14 18:58:29","2017-12-14 18:58:29","NULL","NULL","St. Gallen","NULL","2","65"
"328","2017-12-14 18:58:29","2017-12-14 18:58:29","NULL","NULL","Schaffhausen","NULL","1","66"
"329","2017-12-14 18:58:29","2017-12-14 18:58:29","NULL","NULL","Schaffhausen","NULL","2","66"
"330","2017-12-14 18:58:29","2017-12-14 18:58:29","NULL","NULL","Western Australia","NULL","1","67"
"331","2017-12-14 18:58:29","2017-12-14 18:58:29","NULL","NULL","Australie-Occidentale","NULL","2","67"
"332","2017-12-14 18:58:29","2017-12-14 18:58:29","NULL","NULL","Saskatchewan","NULL","1","68"
"333","2017-12-14 18:58:29","2017-12-14 18:58:29","NULL","NULL","Saskatchewan","NULL","2","68"
"334","2017-12-14 18:58:29","2017-12-14 18:58:29","NULL","NULL","Niedersachsen","NULL","1","69"
"335","2017-12-14 18:58:29","2017-12-14 18:58:29","NULL","NULL","Niedersachsen","NULL","2","69"
"336","2017-12-14 18:58:29","2017-12-14 18:58:29","NULL","NULL","Solothurn","NULL","1","70"
"337","2017-12-14 18:58:29","2017-12-14 18:58:29","NULL","NULL","Solothurn","NULL","2","70"
"338","2017-12-14 18:58:29","2017-12-14 18:58:29","NULL","NULL","California","NULL","1","71"
"339","2017-12-14 18:58:29","2017-12-14 18:58:29","NULL","NULL","Californie","NULL","2","71"
"340","2017-12-14 18:58:29","2017-12-14 18:58:29","NULL","NULL","Northern Territory","NULL","1","72"
"341","2017-12-14 18:58:29","2017-12-14 18:58:29","NULL","NULL","Territoire du Nord","NULL","2","72"
"342","2017-12-14 18:58:29","2017-12-14 18:58:29","NULL","NULL","Steiermark","NULL","1","73"
"343","2017-12-14 18:58:29","2017-12-14 18:58:29","NULL","NULL","Steiermark","NULL","2","73"
"344","2017-12-14 18:58:29","2017-12-14 18:58:29","NULL","NULL","Katen","NULL","1","74"
"345","2017-12-14 18:58:29","2017-12-14 18:58:29","NULL","NULL","Karten","NULL","2","74"
"346","2017-12-14 18:58:29","2017-12-14 18:58:29","NULL","NULL","Jaen","NULL","1","75"
"347","2017-12-14 18:58:29","2017-12-14 18:58:29","NULL","NULL","Jaen","NULL","2","75"
"348","2017-12-14 18:58:29","2017-12-14 18:58:29","NULL","NULL","Ciudad Real","NULL","1","76"
"349","2017-12-14 18:58:29","2017-12-14 18:58:29","NULL","NULL","Ciudad Real","NULL","2","76"
"350","2017-12-14 18:58:29","2017-12-14 18:58:29","NULL","NULL","Schwyz","NULL","1","77"
"351","2017-12-14 18:58:29","2017-12-14 18:58:29","NULL","NULL","Schwyz","NULL","2","77"
"352","2017-12-14 18:58:29","2017-12-14 18:58:29","NULL","NULL","Alava","NULL","1","78"
"353","2017-12-14 18:58:29","2017-12-14 18:58:29","NULL","NULL","Alava","NULL","2","78"
"354","2017-12-14 18:58:29","2017-12-14 18:58:29","NULL","NULL","Kansas","NULL","1","79"
"355","2017-12-14 18:58:29","2017-12-14 18:58:29","NULL","NULL","Kansas","NULL","2","79"
"356","2017-12-14 18:58:29","2017-12-14 18:58:29","NULL","NULL","Colorado","NULL","1","80"
"357","2017-12-14 18:58:29","2017-12-14 18:58:29","NULL","NULL","Colorado","NULL","2","80"
"358","2017-12-14 18:58:29","2017-12-14 18:58:29","NULL","NULL","Kentucky","NULL","1","81"
"359","2017-12-14 18:58:29","2017-12-14 18:58:29","NULL","NULL","Kentucky","NULL","2","81"
"360","2017-12-14 18:58:29","2017-12-14 18:58:29","NULL","NULL","Berlin","NULL","1","82"
"361","2017-12-14 18:58:29","2017-12-14 18:58:29","NULL","NULL","Berlin","NULL","2","82"
"362","2017-12-14 18:58:29","2017-12-14 18:58:29","NULL","NULL","Connecticut","NULL","1","83"
"363","2017-12-14 18:58:29","2017-12-14 18:58:29","NULL","NULL","Connecticut","NULL","2","83"
"364","2017-12-14 18:58:29","2017-12-14 18:58:29","NULL","NULL","Australian Capital Territory","NULL","1","84"
"365","2017-12-14 18:58:29","2017-12-14 18:58:29","NULL","NULL","Territoire de la capitale australienne","NULL","2","84"
"366","2017-12-14 18:58:29","2017-12-14 18:58:29","NULL","NULL","Thurgau","NULL","1","85"
"367","2017-12-14 18:58:29","2017-12-14 18:58:29","NULL","NULL","Thurgau","NULL","2","85"
"368","2017-12-14 18:58:29","2017-12-14 18:58:29","NULL","NULL","Louisiana","NULL","1","86"
"369","2017-12-14 18:58:29","2017-12-14 18:58:29","NULL","NULL","Louisiane","NULL","2","86"
"370","2017-12-14 18:58:29","2017-12-14 18:58:29","NULL","NULL","Hamburg","NULL","1","87"
"371","2017-12-14 18:58:29","2017-12-14 18:58:29","NULL","NULL","Hamburg","NULL","2","87"
"372","2017-12-14 18:58:29","2017-12-14 18:58:29","NULL","NULL","Tessin","NULL","1","88"
"373","2017-12-14 18:58:29","2017-12-14 18:58:29","NULL","NULL","Tessin","NULL","2","88"
"374","2017-12-14 18:58:29","2017-12-14 18:58:29","NULL","NULL","Lugo","NULL","1","89"
"375","2017-12-14 18:58:29","2017-12-14 18:58:29","NULL","NULL","Lugo","NULL","2","89"
"376","2017-12-14 18:58:29","2017-12-14 18:58:29","NULL","NULL","Neuenburg","NULL","1","90"
"377","2017-12-14 18:58:29","2017-12-14 18:58:29","NULL","NULL","Neuenburg","NULL","2","90"
"378","2017-12-14 18:58:29","2017-12-14 18:58:29","NULL","NULL","Tennessee","NULL","1","91"
"379","2017-12-14 18:58:29","2017-12-14 18:58:29","NULL","NULL","Tennessee","NULL","2","91"
"380","2017-12-14 18:58:29","2017-12-14 18:58:29","NULL","NULL","Toledo","NULL","1","92"
"381","2017-12-14 18:58:29","2017-12-14 18:58:29","NULL","NULL","Toledo","NULL","2","92"
"382","2017-12-14 18:58:29","2017-12-14 18:58:29","NULL","NULL","District of Columbia","NULL","1","93"
"383","2017-12-14 18:58:29","2017-12-14 18:58:29","NULL","NULL","District de Columbia","NULL","2","93"
"384","2017-12-14 18:58:29","2017-12-14 18:58:29","NULL","NULL","Palencia","NULL","1","94"
"385","2017-12-14 18:58:29","2017-12-14 18:58:29","NULL","NULL","Palencia","NULL","2","94"
"386","2017-12-14 18:58:29","2017-12-14 18:58:29","NULL","NULL","Delaware","NULL","1","95"
"387","2017-12-14 18:58:29","2017-12-14 18:58:29","NULL","NULL","Delaware","NULL","2","95"
"388","2017-12-14 18:58:29","2017-12-14 18:58:29","NULL","NULL","Texas","NULL","1","96"
"389","2017-12-14 18:58:29","2017-12-14 18:58:29","NULL","NULL","Texas","NULL","2","96"
"390","2017-12-14 18:58:29","2017-12-14 18:58:29","NULL","NULL","Tasmania","NULL","1","97"
"391","2017-12-14 18:58:29","2017-12-14 18:58:29","NULL","NULL","Tasmanie","NULL","2","97"
"392","2017-12-14 18:58:29","2017-12-14 18:58:29","NULL","NULL","Queensland","NULL","1","98"
"393","2017-12-14 18:58:29","2017-12-14 18:58:29","NULL","NULL","Queensland","NULL","2","98"
"394","2017-12-14 18:58:29","2017-12-14 18:58:29","NULL","NULL","Luzern","NULL","1","99"
"395","2017-12-14 18:58:29","2017-12-14 18:58:29","NULL","NULL","Luzern","NULL","2","99"
"396","2017-12-14 18:58:29","2017-12-14 18:58:29","NULL","NULL","Burgos","NULL","1","100"
"397","2017-12-14 18:58:29","2017-12-14 18:58:29","NULL","NULL","Burgos","NULL","2","100"
"398","2017-12-14 18:58:29","2017-12-14 18:58:29","NULL","NULL","Cadiz","NULL","1","101"
"399","2017-12-14 18:58:29","2017-12-14 18:58:29","NULL","NULL","Cadiz","NULL","2","101"
"400","2017-12-14 18:58:29","2017-12-14 18:58:29","NULL","NULL","Santa Cruz de Tenerife","NULL","1","102"
"401","2017-12-14 18:58:29","2017-12-14 18:58:29","NULL","NULL","Santa Cruz de Tenerife","NULL","2","102"
"402","2017-12-14 18:58:29","2017-12-14 18:58:29","NULL","NULL","Massachusetts","NULL","1","103"
"403","2017-12-14 18:58:29","2017-12-14 18:58:29","NULL","NULL","Massachusetts","NULL","2","103"
"404","2017-12-14 18:58:29","2017-12-14 18:58:29","NULL","NULL","Manitoba","NULL","1","104"
"405","2017-12-14 18:58:29","2017-12-14 18:58:29","NULL","NULL","Manitoba","NULL","2","104"
"406","2017-12-14 18:58:29","2017-12-14 18:58:29","NULL","NULL","Maryland","NULL","1","105"
"407","2017-12-14 18:58:29","2017-12-14 18:58:29","NULL","NULL","Maryland","NULL","2","105"
"408","2017-12-14 18:58:29","2017-12-14 18:58:29","NULL","NULL","Girona","NULL","1","106"
"409","2017-12-14 18:58:29","2017-12-14 18:58:29","NULL","NULL","Girona","NULL","2","106"
"410","2017-12-14 18:58:29","2017-12-14 18:58:29","NULL","NULL","Maine","NULL","1","107"
"411","2017-12-14 18:58:29","2017-12-14 18:58:29","NULL","NULL","Maine","NULL","2","107"
"412","2017-12-14 18:58:29","2017-12-14 18:58:29","NULL","NULL","Alicante","NULL","1","108"
"413","2017-12-14 18:58:29","2017-12-14 18:58:29","NULL","NULL","Alicante","NULL","2","108"
"414","2017-12-14 18:58:29","2017-12-14 18:58:29","NULL","NULL","Guadalajara","NULL","1","109"
"415","2017-12-14 18:58:29","2017-12-14 18:58:29","NULL","NULL","Guadalajara","NULL","2","109"
"416","2017-12-14 18:58:29","2017-12-14 18:58:29","NULL","NULL","Cantabria","NULL","1","110"
"417","2017-12-14 18:58:29","2017-12-14 18:58:29","NULL","NULL","Cantabria","NULL","2","110"
"418","2017-12-14 18:58:29","2017-12-14 18:58:29","NULL","NULL","Marshall Islands","NULL","1","111"
"419","2017-12-14 18:58:29","2017-12-14 18:58:29","NULL","NULL","Marshall Islands","NULL","2","111"
"420","2017-12-14 18:58:29","2017-12-14 18:58:29","NULL","NULL","Michigan","NULL","1","112"
"421","2017-12-14 18:58:29","2017-12-14 18:58:29","NULL","NULL","Michigan","NULL","2","112"
"422","2017-12-14 18:58:29","2017-12-14 18:58:29","NULL","NULL","Uri","NULL","1","113"
"423","2017-12-14 18:58:29","2017-12-14 18:58:29","NULL","NULL","Uri","NULL","2","113"
"424","2017-12-14 18:58:29","2017-12-14 18:58:29","NULL","NULL","Utah","NULL","1","114"
"425","2017-12-14 18:58:29","2017-12-14 18:58:29","NULL","NULL","Utah","NULL","2","114"
"426","2017-12-14 18:58:29","2017-12-14 18:58:29","NULL","NULL","Minnesota","NULL","1","115"
"427","2017-12-14 18:58:29","2017-12-14 18:58:29","NULL","NULL","Minnesota","NULL","2","115"
"428","2017-12-14 18:58:29","2017-12-14 18:58:29","NULL","NULL","Missouri","NULL","1","116"
"429","2017-12-14 18:58:29","2017-12-14 18:58:29","NULL","NULL","Missouri","NULL","2","116"
"430","2017-12-14 18:58:29","2017-12-14 18:58:29","NULL","NULL","Northern Mariana Islands","NULL","1","117"
"431","2017-12-14 18:58:29","2017-12-14 18:58:29","NULL","NULL","Northern Mariana Islands","NULL","2","117"
"432","2017-12-14 18:58:29","2017-12-14 18:58:29","NULL","NULL","Barcelona","NULL","1","118"
"433","2017-12-14 18:58:29","2017-12-14 18:58:29","NULL","NULL","Barcelona","NULL","2","118"
"434","2017-12-14 18:58:29","2017-12-14 18:58:29","NULL","NULL","Mississippi","NULL","1","119"
"435","2017-12-14 18:58:29","2017-12-14 18:58:29","NULL","NULL","Mississippi","NULL","2","119"
"436","2017-12-14 18:58:29","2017-12-14 18:58:29","NULL","NULL","Montana","NULL","1","120"
"437","2017-12-14 18:58:29","2017-12-14 18:58:29","NULL","NULL","Montana","NULL","2","120"
"438","2017-12-14 18:58:29","2017-12-14 18:58:29","NULL","NULL","Badajoz","NULL","1","121"
"439","2017-12-14 18:58:29","2017-12-14 18:58:29","NULL","NULL","Badajoz","NULL","2","121"
"440","2017-12-14 18:58:29","2017-12-14 18:58:29","NULL","NULL","Mecklenburg-Vorpommern","NULL","1","122"
"441","2017-12-14 18:58:29","2017-12-14 18:58:29","NULL","NULL","Mecklenburg-Vorpommern","NULL","2","122"
"442","2017-12-14 18:58:29","2017-12-14 18:58:29","NULL","NULL","Virginia","NULL","1","123"
"443","2017-12-14 18:58:29","2017-12-14 18:58:29","NULL","NULL","Virginie","NULL","2","123"
"444","2017-12-14 18:58:29","2017-12-14 18:58:29","NULL","NULL","Voralberg","NULL","1","124"
"445","2017-12-14 18:58:29","2017-12-14 18:58:29","NULL","NULL","Voralberg","NULL","2","124"
"446","2017-12-14 18:58:29","2017-12-14 18:58:29","NULL","NULL","Cuenca","NULL","1","125"
"447","2017-12-14 18:58:29","2017-12-14 18:58:29","NULL","NULL","Cuenca","NULL","2","125"
"448","2017-12-14 18:58:29","2017-12-14 18:58:29","NULL","NULL","Wien","NULL","1","126"
"449","2017-12-14 18:58:29","2017-12-14 18:58:29","NULL","NULL","Wien","NULL","2","126"
"450","2017-12-14 18:58:29","2017-12-14 18:58:29","NULL","NULL","Waadt","NULL","1","127"
"451","2017-12-14 18:58:29","2017-12-14 18:58:29","NULL","NULL","Waadt","NULL","2","127"
"452","2017-12-14 18:58:29","2017-12-14 18:58:29","NULL","NULL","Sevilla","NULL","1","128"
"453","2017-12-14 18:58:29","2017-12-14 18:58:29","NULL","NULL","Sevilla","NULL","2","128"
"454","2017-12-14 18:58:29","2017-12-14 18:58:29","NULL","NULL","Virgin Islands","NULL","1","129"
"455","2017-12-14 18:58:29","2017-12-14 18:58:29","NULL","NULL","Virgin Islands","NULL","2","129"
"456","2017-12-14 18:58:29","2017-12-14 18:58:29","NULL","NULL","Zaragoza","NULL","1","130"
"457","2017-12-14 18:58:29","2017-12-14 18:58:29","NULL","NULL","Zaragoza","NULL","2","130"
"458","2017-12-14 18:58:29","2017-12-14 18:58:29","NULL","NULL","New Brunswick","NULL","1","131"
"459","2017-12-14 18:58:29","2017-12-14 18:58:29","NULL","NULL","Nouveau Brunswick","NULL","2","131"
"460","2017-12-14 18:58:29","2017-12-14 18:58:29","NULL","NULL","Sachsen-Anhalt","NULL","1","132"
"461","2017-12-14 18:58:29","2017-12-14 18:58:29","NULL","NULL","Sachsen-Anhalt","NULL","2","132"
"462","2017-12-14 18:58:29","2017-12-14 18:58:29","NULL","NULL","North Carolina","NULL","1","133"
"463","2017-12-14 18:58:29","2017-12-14 18:58:29","NULL","NULL","Caroline du Nord","NULL","2","133"
"464","2017-12-14 18:58:29","2017-12-14 18:58:29","NULL","NULL","North Dakota","NULL","1","134"
"465","2017-12-14 18:58:29","2017-12-14 18:58:29","NULL","NULL","Dakota du Nord","NULL","2","134"
"466","2017-12-14 18:58:29","2017-12-14 18:58:29","NULL","NULL","Nebraska","NULL","1","135"
"467","2017-12-14 18:58:29","2017-12-14 18:58:29","NULL","NULL","Nebraska","NULL","2","135"
"468","2017-12-14 18:58:29","2017-12-14 18:58:29","NULL","NULL","Newfoundland - Labrador","NULL","1","136"
"469","2017-12-14 18:58:29","2017-12-14 18:58:29","NULL","NULL","Terre-Neuve - Labrador","NULL","2","136"
"470","2017-12-14 18:58:29","2017-12-14 18:58:29","NULL","NULL","New Hampshire","NULL","1","137"
"471","2017-12-14 18:58:29","2017-12-14 18:58:29","NULL","NULL","Nouveau Hampshire","NULL","2","137"
"472","2017-12-14 18:58:29","2017-12-14 18:58:29","NULL","NULL","New Jersey","NULL","1","138"
"473","2017-12-14 18:58:29","2017-12-14 18:58:29","NULL","NULL","New Jersey","NULL","2","138"
"474","2017-12-14 18:58:29","2017-12-14 18:58:29","NULL","NULL","Wallis","NULL","1","139"
"475","2017-12-14 18:58:29","2017-12-14 18:58:29","NULL","NULL","Wallis","NULL","2","139"
"476","2017-12-14 18:58:29","2017-12-14 18:58:29","NULL","NULL","Vermont","NULL","1","140"
"477","2017-12-14 18:58:29","2017-12-14 18:58:29","NULL","NULL","Vermont","NULL","2","140"
"478","2017-12-14 18:58:29","2017-12-14 18:58:29","NULL","NULL","New Mexico","NULL","1","141"
"479","2017-12-14 18:58:29","2017-12-14 18:58:29","NULL","NULL","Nouveau Mexique","NULL","2","141"
"480","2017-12-14 18:58:29","2017-12-14 18:58:29","NULL","NULL","Niederosterreich","NULL","1","142"
"481","2017-12-14 18:58:29","2017-12-14 18:58:29","NULL","NULL","Niederosterreich","NULL","2","142"
"482","2017-12-14 18:58:29","2017-12-14 18:58:29","NULL","NULL","Sachsen","NULL","1","143"
"483","2017-12-14 18:58:29","2017-12-14 18:58:29","NULL","NULL","Sachsen","NULL","2","143"
"484","2017-12-14 18:58:29","2017-12-14 18:58:29","NULL","NULL","Nova Scotia","NULL","1","144"
"485","2017-12-14 18:58:29","2017-12-14 18:58:29","NULL","NULL","Nouvelle Écosse","NULL","2","144"
"486","2017-12-14 18:58:29","2017-12-14 18:58:29","NULL","NULL","Saarland","NULL","1","145"
"487","2017-12-14 18:58:29","2017-12-14 18:58:29","NULL","NULL","Saarland","NULL","2","145"
"488","2017-12-14 18:58:29","2017-12-14 18:58:29","NULL","NULL","Florida","NULL","1","146"
"489","2017-12-14 18:58:29","2017-12-14 18:58:29","NULL","NULL","Floride","NULL","2","146"
"490","2017-12-14 18:58:29","2017-12-14 18:58:29","NULL","NULL","Northwest Territories","NULL","1","147"
"491","2017-12-14 18:58:29","2017-12-14 18:58:29","NULL","NULL","Territores du Nord-Ouest","NULL","2","147"
"492","2017-12-14 18:58:29","2017-12-14 18:58:29","NULL","NULL","Federated States Of Micronesia","NULL","1","148"
"493","2017-12-14 18:58:29","2017-12-14 18:58:29","NULL","NULL","Federated States Of Micronesia","NULL","2","148"
"494","2017-12-14 18:58:29","2017-12-14 18:58:29","NULL","NULL","Nunavut","NULL","1","149"
"495","2017-12-14 18:58:29","2017-12-14 18:58:29","NULL","NULL","Nunavut","NULL","2","149"
"496","2017-12-14 18:58:29","2017-12-14 18:58:29","NULL","NULL","Nevada","NULL","1","150"
"497","2017-12-14 18:58:29","2017-12-14 18:58:29","NULL","NULL","Nevada","NULL","2","150"
"498","2017-12-14 18:58:29","2017-12-14 18:58:29","NULL","NULL","Nidwalden","NULL","1","151"
"499","2017-12-14 18:58:29","2017-12-14 18:58:29","NULL","NULL","Nidwalden","NULL","2","151"
"500","2017-12-14 18:58:29","2017-12-14 18:58:29","NULL","NULL","Washington","NULL","1","152"
"501","2017-12-14 18:58:29","2017-12-14 18:58:29","NULL","NULL","Washington","NULL","2","152"
"502","2017-12-14 18:58:29","2017-12-14 18:58:29","NULL","NULL","New York","NULL","1","153"
"503","2017-12-14 18:58:29","2017-12-14 18:58:29","NULL","NULL","New York","NULL","2","153"
"504","2017-12-14 18:58:29","2017-12-14 18:58:29","NULL","NULL","Granada","NULL","1","154"
"505","2017-12-14 18:58:29","2017-12-14 18:58:29","NULL","NULL","Granada","NULL","2","154"
"506","2017-12-14 18:58:29","2017-12-14 18:58:29","NULL","NULL","Soria","NULL","1","155"
"507","2017-12-14 18:58:29","2017-12-14 18:58:29","NULL","NULL","Soria","NULL","2","155"
"508","2017-12-14 18:58:29","2017-12-14 18:58:29","NULL","NULL","Freiburg","NULL","1","156"
"509","2017-12-14 18:58:29","2017-12-14 18:58:29","NULL","NULL","Freiburg","NULL","2","156"
"510","2017-12-14 18:58:29","2017-12-14 18:58:29","NULL","NULL","Rheinland-Pfalz","NULL","1","157"
"511","2017-12-14 18:58:29","2017-12-14 18:58:29","NULL","NULL","Rheinland-Pfalz","NULL","2","157"
"512","2017-12-14 18:58:29","2017-12-14 18:58:29","NULL","NULL","Ourense","NULL","1","158"
"513","2017-12-14 18:58:29","2017-12-14 18:58:29","NULL","NULL","Ourense","NULL","2","158"
"514","2017-12-14 18:58:29","2017-12-14 18:58:29","NULL","NULL","Wisconsin","NULL","1","159"
"515","2017-12-14 18:58:29","2017-12-14 18:58:29","NULL","NULL","Wisconsin","NULL","2","159"
"516","2017-12-14 18:58:29","2017-12-14 18:58:29","NULL","NULL","Ohio","NULL","1","160"
"517","2017-12-14 18:58:29","2017-12-14 18:58:29","NULL","NULL","Ohio","NULL","2","160"
"518","2017-12-14 18:58:29","2017-12-14 18:58:29","NULL","NULL","Georgia","NULL","1","161"
"519","2017-12-14 18:58:29","2017-12-14 18:58:29","NULL","NULL","Georgie","NULL","2","161"
"520","2017-12-14 18:58:29","2017-12-14 18:58:29","NULL","NULL","Murcia","NULL","1","162"
"521","2017-12-14 18:58:29","2017-12-14 18:58:29","NULL","NULL","Murcia","NULL","2","162"
"522","2017-12-14 18:58:29","2017-12-14 18:58:29","NULL","NULL","Oklahoma","NULL","1","163"
"523","2017-12-14 18:58:29","2017-12-14 18:58:29","NULL","NULL","Oklahoma","NULL","2","163"
"524","2017-12-14 18:58:29","2017-12-14 18:58:29","NULL","NULL","Genf","NULL","1","164"
"525","2017-12-14 18:58:29","2017-12-14 18:58:29","NULL","NULL","Genf","NULL","2","164"
"526","2017-12-14 18:58:29","2017-12-14 18:58:29","NULL","NULL","West Virginia","NULL","1","165"
"527","2017-12-14 18:58:29","2017-12-14 18:58:29","NULL","NULL","West Virginia","NULL","2","165"
"528","2017-12-14 18:58:29","2017-12-14 18:58:29","NULL","NULL","Ontario","NULL","1","166"
"529","2017-12-14 18:58:29","2017-12-14 18:58:29","NULL","NULL","Ontario","NULL","2","166"
"530","2017-12-14 18:58:29","2017-12-14 18:58:29","NULL","NULL","Oberosterreich","NULL","1","167"
"531","2017-12-14 18:58:29","2017-12-14 18:58:29","NULL","NULL","Oberosterreich","NULL","2","167"
"532","2017-12-14 18:58:29","2017-12-14 18:58:29","NULL","NULL","Wyoming","NULL","1","168"
"533","2017-12-14 18:58:29","2017-12-14 18:58:29","NULL","NULL","Wyoming","NULL","2","168"
"534","2017-12-14 18:58:29","2017-12-14 18:58:29","NULL","NULL","Burgenland","NULL","1","169"
"535","2017-12-14 18:58:29","2017-12-14 18:58:29","NULL","NULL","Burgenland","NULL","2","169"
"536","2017-12-14 18:58:29","2017-12-14 18:58:29","NULL","NULL","Avila","NULL","1","170"
"537","2017-12-14 18:58:29","2017-12-14 18:58:29","NULL","NULL","Avila","NULL","2","170"
"538","2017-12-14 18:58:29","2017-12-14 18:58:29","NULL","NULL","Oregon","NULL","1","171"
"539","2017-12-14 18:58:29","2017-12-14 18:58:29","NULL","NULL","Oregon","NULL","2","171"
"540","2017-12-14 18:58:29","2017-12-14 18:58:29","NULL","NULL","Salamanca","NULL","1","172"
"541","2017-12-14 18:58:29","2017-12-14 18:58:29","NULL","NULL","Salamanca","NULL","2","172"
"542","2017-12-14 18:58:29","2017-12-14 18:58:29","NULL","NULL","Glarus","NULL","1","173"
"543","2017-12-14 18:58:29","2017-12-14 18:58:29","NULL","NULL","Glarus","NULL","2","173"
"544","2017-12-14 18:58:29","2017-12-14 18:58:29","NULL","NULL","Baleares","NULL","1","174"
"545","2017-12-14 18:58:29","2017-12-14 18:58:29","NULL","NULL","Baleares","NULL","2","174"
"546","2017-12-14 18:58:29","2017-12-14 18:58:29","NULL","NULL","Obwalden","NULL","1","175"
"547","2017-12-14 18:58:29","2017-12-14 18:58:29","NULL","NULL","Obwalden","NULL","2","175"
"548","2017-12-14 18:58:29","2017-12-14 18:58:29","NULL","NULL","Graubnden","NULL","1","176"
"549","2017-12-14 18:58:29","2017-12-14 18:58:29","NULL","NULL","Graubnden","NULL","2","176"
"550","2017-12-14 18:58:29","2017-12-14 18:58:29","NULL","NULL","Guam","NULL","1","177"
"551","2017-12-14 18:58:29","2017-12-14 18:58:29","NULL","NULL","Guam","NULL","2","177"
"552","2017-12-14 18:58:29","2017-12-14 18:58:29","NULL","NULL","Pennsylvania","NULL","1","178"
"553","2017-12-14 18:58:29","2017-12-14 18:58:29","NULL","NULL","Pennsylvanie","NULL","2","178"
"554","2017-12-14 18:58:29","2017-12-14 18:58:29","NULL","NULL","Victoria","NULL","1","179"
"555","2017-12-14 18:58:29","2017-12-14 18:58:29","NULL","NULL","Victoria","NULL","2","179"
"556","2017-12-14 18:58:29","2017-12-14 18:58:29","NULL","NULL","Bremen","NULL","1","180"
"557","2017-12-14 18:58:29","2017-12-14 18:58:29","NULL","NULL","Bremen","NULL","2","180"
"558","2017-12-14 18:58:29","2017-12-14 18:58:29","NULL","NULL","Prince Edward Island","NULL","1","181"
"559","2017-12-14 18:58:29","2017-12-14 18:58:29","NULL","NULL","Île-du-Prince-Édouard","NULL","2","181"
"560","2017-12-14 18:58:29","2017-12-14 18:58:29","NULL","NULL","Brandenburg","NULL","1","182"
"561","2017-12-14 18:58:29","2017-12-14 18:58:29","NULL","NULL","Brandenburg","NULL","2","182"
"562","2017-12-14 18:58:29","2017-12-14 18:58:29","NULL","NULL","Hessen","NULL","1","183"
"563","2017-12-14 18:58:29","2017-12-14 18:58:29","NULL","NULL","Hessen","NULL","2","183"
"564","2017-12-14 18:58:29","2017-12-14 18:58:29","NULL","NULL","Almeria","NULL","1","184"
"565","2017-12-14 18:58:29","2017-12-14 18:58:29","NULL","NULL","Almeria","NULL","2","184"
"566","2017-12-14 18:58:29","2017-12-14 18:58:29","NULL","NULL","Baden-Wrttemberg","NULL","1","185"
"567","2017-12-14 18:58:29","2017-12-14 18:58:29","NULL","NULL","Baden-Wrttemberg","NULL","2","185"
"568","2017-12-14 18:58:29","2017-12-14 18:58:29","NULL","NULL","Bayern","NULL","1","186"
"569","2017-12-14 18:58:29","2017-12-14 18:58:29","NULL","NULL","Bayern","NULL","2","186"
"570","2017-12-14 18:58:29","2017-12-14 18:58:29","NULL","NULL","Navarra","NULL","1","187"
"571","2017-12-14 18:58:29","2017-12-14 18:58:29","NULL","NULL","Navarra","NULL","2","187"
"572","2017-12-14 18:58:29","2017-12-14 18:58:29","NULL","NULL","Valencia","NULL","1","188"
"573","2017-12-14 18:58:29","2017-12-14 18:58:29","NULL","NULL","Valencia","NULL","2","188"
"574","2017-12-14 18:58:29","2017-12-14 18:58:29","NULL","NULL","Schleswig-Holstein","NULL","1","189"
"575","2017-12-14 18:58:29","2017-12-14 18:58:29","NULL","NULL","Schleswig-Holstein","NULL","2","189"
